<?xml version="1.0" encoding="UTF-8"?>
<configurationDescriptor version="95">
  <logicalFolder name="root" displayName="root" projectFiles="true" kind="ROOT">
    <logicalFolder name="HeaderFiles" displayName="头文件" projectFiles="true">
    </logicalFolder>
    <logicalFolder name="SourceFiles" displayName="源文件" projectFiles="true">
      <itemPath>main.cpp</itemPath>
    </logicalFolder>
    <logicalFolder name="ResourceFiles" displayName="资源文件" projectFiles="true">
    </logicalFolder>
    <logicalFolder name="TestFiles"
                   displayName="测试文件"
                   projectFiles="false"
                   kind="TEST_LOGICAL_FOLDER">
    </logicalFolder>
    <logicalFolder name="ExternalFiles"
                   displayName="重要文件"
                   projectFiles="false"
                   kind="IMPORTANT_FILES_FOLDER">
      <itemPath>Makefile</itemPath>
    </logicalFolder>
  </logicalFolder>
  <projectmakefile>Makefile</projectmakefile>
  <confs>
    <conf name="Debug" type="1">
      <toolsSet>
        <compilerSet>default</compilerSet>
        <dependencyChecking>true</dependencyChecking>
        <rebuildPropChanged>false</rebuildPropChanged>
      </toolsSet>
      <compileType>
        <linkerTool>
          <output>${CND_CONF}/testg7112aac</output>
          <linkerAddLib>
            <pElem>${AVS_ROOT}/lib</pElem>
          </linkerAddLib>
          <commandLine>-lg7112aac</commandLine>
        </linkerTool>
      </compileType>
      <item path="main.cpp" ex="false" tool="1" flavor2="0">
      </item>
    </conf>
    <conf name="Release" type="1">
      <toolsSet>
        <compilerSet>default</compilerSet>
        <dependencyChecking>true</dependencyChecking>
        <rebuildPropChanged>false</rebuildPropChanged>
      </toolsSet>
      <compileType>
        <cTool>
          <developmentMode>5</developmentMode>
        </cTool>
        <ccTool>
          <developmentMode>5</developmentMode>
        </ccTool>
        <fortranCompilerTool>
          <developmentMode>5</developmentMode>
        </fortranCompilerTool>
        <asmTool>
          <developmentMode>5</developmentMode>
        </asmTool>
      </compileType>
      <item path="main.cpp" ex="false" tool="1" flavor2="0">
      </item>
    </conf>
  </confs>
</configurationDescriptor>
