<?xml version="1.0" encoding="UTF-8"?>
<configurationDescriptor version="97">
  <logicalFolder name="root" displayName="root" projectFiles="true" kind="ROOT">
    <logicalFolder name="HeaderFiles" displayName="头文件" projectFiles="true">
    </logicalFolder>
    <logicalFolder name="SourceFiles" displayName="源文件" projectFiles="true">
    </logicalFolder>
    <logicalFolder name="ResourceFiles" displayName="资源文件" projectFiles="true">
    </logicalFolder>
    <logicalFolder name="TestFiles"
                   displayName="测试文件"
                   projectFiles="false"
                   kind="TEST_LOGICAL_FOLDER">
    </logicalFolder>
    <logicalFolder name="ExternalFiles"
                   displayName="重要文件"
                   projectFiles="false"
                   kind="IMPORTANT_FILES_FOLDER">
      <itemPath>Makefile</itemPath>
    </logicalFolder>
    <itemPath>EasyAACEncoder.cpp</itemPath>
    <itemPath>EasyAACEncoder.h</itemPath>
    <itemPath>EasyAACEncoderAPI.cpp</itemPath>
    <itemPath>EasyAACEncoderAPI.h</itemPath>
    <itemPath>EasyDSSBuffers.cpp</itemPath>
    <itemPath>EasyDSSBuffers.h</itemPath>
    <itemPath>G711AToPcm.cpp</itemPath>
    <itemPath>G711AToPcm.h</itemPath>
    <itemPath>G726ToPcm.cpp</itemPath>
    <itemPath>G726ToPcm.h</itemPath>
    <itemPath>IDecodeToPcm.cpp</itemPath>
    <itemPath>IDecodeToPcm.h</itemPath>
    <itemPath>PcmToAac.cpp</itemPath>
    <itemPath>PcmToAac.h</itemPath>
    <itemPath>libfaac/kiss_fft/_kiss_fft_guts.h</itemPath>
    <itemPath>libfaac/aacquant.c</itemPath>
    <itemPath>libfaac/aacquant.h</itemPath>
    <itemPath>audio_buffer.cpp</itemPath>
    <itemPath>audio_buffer.h</itemPath>
    <itemPath>libfaac/backpred.c</itemPath>
    <itemPath>libfaac/backpred.h</itemPath>
    <itemPath>libfaac/bitstream.c</itemPath>
    <itemPath>libfaac/bitstream.h</itemPath>
    <itemPath>libfaac/channels.c</itemPath>
    <itemPath>libfaac/channels.h</itemPath>
    <itemPath>libfaac/coder.h</itemPath>
    <itemPath>libfaac/fft.c</itemPath>
    <itemPath>libfaac/fft.h</itemPath>
    <itemPath>libfaac/filtbank.c</itemPath>
    <itemPath>libfaac/filtbank.h</itemPath>
    <itemPath>libfaac/frame.c</itemPath>
    <itemPath>libfaac/frame.h</itemPath>
    <itemPath>g711.cpp</itemPath>
    <itemPath>g711.h</itemPath>
    <itemPath>g726.cpp</itemPath>
    <itemPath>g726.h</itemPath>
    <itemPath>libfaac/huffman.c</itemPath>
    <itemPath>libfaac/huffman.h</itemPath>
    <itemPath>libfaac/hufftab.h</itemPath>
    <itemPath>libfaac/kiss_fft/kiss_fft.c</itemPath>
    <itemPath>libfaac/kiss_fft/kiss_fft.h</itemPath>
    <itemPath>libfaac/kiss_fft/kiss_fftr.c</itemPath>
    <itemPath>libfaac/kiss_fft/kiss_fftr.h</itemPath>
    <itemPath>libfaac/ltp.c</itemPath>
    <itemPath>libfaac/ltp.h</itemPath>
    <itemPath>libfaac/midside.c</itemPath>
    <itemPath>libfaac/midside.h</itemPath>
    <itemPath>libfaac/psych.h</itemPath>
    <itemPath>libfaac/psychkni.c</itemPath>
    <itemPath>libfaac/tns.c</itemPath>
    <itemPath>libfaac/tns.h</itemPath>
    <itemPath>libfaac/util.c</itemPath>
    <itemPath>libfaac/util.h</itemPath>
    <itemPath>libfaac/version.h</itemPath>
  </logicalFolder>
  <projectmakefile>Makefile</projectmakefile>
  <confs>
    <conf name="Debug" type="2">
      <toolsSet>
        <compilerSet>default</compilerSet>
        <dependencyChecking>true</dependencyChecking>
        <rebuildPropChanged>false</rebuildPropChanged>
      </toolsSet>
      <compileType>
        <cTool>
          <incDir>
            <pElem>include</pElem>
          </incDir>
        </cTool>
        <ccTool>
          <incDir>
            <pElem>include</pElem>
            <pElem>${AVS_ROOT}/include</pElem>
          </incDir>
        </ccTool>
        <linkerTool>
          <output>${AVS_ROOT}/lib/libg7112aac.${CND_DLIB_EXT}</output>
          <linkerAddLib>
            <pElem>${AVS_ROOT}/lib</pElem>
          </linkerAddLib>
          <commandLine>-lboost_thread -lpthread -lrt -lboost_system</commandLine>
        </linkerTool>
      </compileType>
      <item path="EasyAACEncoder.cpp" ex="false" tool="1" flavor2="0">
      </item>
      <item path="EasyAACEncoder.h" ex="false" tool="3" flavor2="0">
      </item>
      <item path="EasyAACEncoderAPI.cpp" ex="false" tool="1" flavor2="0">
      </item>
      <item path="EasyAACEncoderAPI.h" ex="false" tool="3" flavor2="0">
      </item>
      <item path="EasyDSSBuffers.cpp" ex="false" tool="1" flavor2="0">
      </item>
      <item path="EasyDSSBuffers.h" ex="false" tool="3" flavor2="0">
      </item>
      <item path="G711AToPcm.cpp" ex="false" tool="1" flavor2="0">
      </item>
      <item path="G711AToPcm.h" ex="false" tool="3" flavor2="0">
      </item>
      <item path="G726ToPcm.cpp" ex="false" tool="1" flavor2="0">
      </item>
      <item path="G726ToPcm.h" ex="false" tool="3" flavor2="0">
      </item>
      <item path="IDecodeToPcm.cpp" ex="false" tool="1" flavor2="0">
      </item>
      <item path="IDecodeToPcm.h" ex="false" tool="3" flavor2="0">
      </item>
      <item path="PcmToAac.cpp" ex="false" tool="1" flavor2="0">
      </item>
      <item path="PcmToAac.h" ex="false" tool="3" flavor2="0">
      </item>
      <item path="audio_buffer.cpp" ex="false" tool="1" flavor2="0">
      </item>
      <item path="audio_buffer.h" ex="false" tool="3" flavor2="0">
      </item>
      <item path="g711.cpp" ex="false" tool="1" flavor2="0">
      </item>
      <item path="g711.h" ex="false" tool="3" flavor2="0">
      </item>
      <item path="g726.cpp" ex="false" tool="1" flavor2="0">
      </item>
      <item path="g726.h" ex="false" tool="3" flavor2="0">
      </item>
      <item path="libfaac/aacquant.c" ex="false" tool="0" flavor2="0">
      </item>
      <item path="libfaac/aacquant.h" ex="false" tool="3" flavor2="0">
      </item>
      <item path="libfaac/backpred.c" ex="false" tool="0" flavor2="0">
      </item>
      <item path="libfaac/backpred.h" ex="false" tool="3" flavor2="0">
      </item>
      <item path="libfaac/bitstream.c" ex="false" tool="0" flavor2="0">
      </item>
      <item path="libfaac/bitstream.h" ex="false" tool="3" flavor2="0">
      </item>
      <item path="libfaac/channels.c" ex="false" tool="0" flavor2="0">
      </item>
      <item path="libfaac/channels.h" ex="false" tool="3" flavor2="0">
      </item>
      <item path="libfaac/coder.h" ex="false" tool="3" flavor2="0">
      </item>
      <item path="libfaac/fft.c" ex="false" tool="0" flavor2="0">
      </item>
      <item path="libfaac/fft.h" ex="false" tool="3" flavor2="0">
      </item>
      <item path="libfaac/filtbank.c" ex="false" tool="0" flavor2="0">
      </item>
      <item path="libfaac/filtbank.h" ex="false" tool="3" flavor2="0">
      </item>
      <item path="libfaac/frame.c" ex="false" tool="0" flavor2="0">
      </item>
      <item path="libfaac/frame.h" ex="false" tool="3" flavor2="0">
      </item>
      <item path="libfaac/huffman.c" ex="false" tool="0" flavor2="0">
      </item>
      <item path="libfaac/huffman.h" ex="false" tool="3" flavor2="0">
      </item>
      <item path="libfaac/hufftab.h" ex="false" tool="3" flavor2="0">
      </item>
      <item path="libfaac/kiss_fft/_kiss_fft_guts.h" ex="false" tool="3" flavor2="0">
      </item>
      <item path="libfaac/kiss_fft/kiss_fft.c" ex="false" tool="0" flavor2="0">
      </item>
      <item path="libfaac/kiss_fft/kiss_fft.h" ex="false" tool="3" flavor2="0">
      </item>
      <item path="libfaac/kiss_fft/kiss_fftr.c" ex="false" tool="0" flavor2="0">
      </item>
      <item path="libfaac/kiss_fft/kiss_fftr.h" ex="false" tool="3" flavor2="0">
      </item>
      <item path="libfaac/ltp.c" ex="false" tool="0" flavor2="0">
      </item>
      <item path="libfaac/ltp.h" ex="false" tool="3" flavor2="0">
      </item>
      <item path="libfaac/midside.c" ex="false" tool="0" flavor2="0">
      </item>
      <item path="libfaac/midside.h" ex="false" tool="3" flavor2="0">
      </item>
      <item path="libfaac/psych.h" ex="false" tool="3" flavor2="0">
      </item>
      <item path="libfaac/psychkni.c" ex="false" tool="0" flavor2="0">
      </item>
      <item path="libfaac/tns.c" ex="false" tool="0" flavor2="0">
      </item>
      <item path="libfaac/tns.h" ex="false" tool="3" flavor2="0">
      </item>
      <item path="libfaac/util.c" ex="false" tool="0" flavor2="0">
      </item>
      <item path="libfaac/util.h" ex="false" tool="3" flavor2="0">
      </item>
      <item path="libfaac/version.h" ex="false" tool="3" flavor2="0">
      </item>
    </conf>
    <conf name="i386" type="3">
      <toolsSet>
        <compilerSet>GNU|GNU</compilerSet>
        <dependencyChecking>true</dependencyChecking>
        <rebuildPropChanged>false</rebuildPropChanged>
      </toolsSet>
      <compileType>
        <cTool>
          <developmentMode>5</developmentMode>
          <incDir>
            <pElem>include</pElem>
          </incDir>
          <commandLine>-m32</commandLine>
        </cTool>
        <ccTool>
          <developmentMode>5</developmentMode>
          <incDir>
            <pElem>include</pElem>
          </incDir>
          <commandLine>-m32</commandLine>
        </ccTool>
        <fortranCompilerTool>
          <developmentMode>5</developmentMode>
        </fortranCompilerTool>
        <asmTool>
          <developmentMode>5</developmentMode>
        </asmTool>
        <archiverTool>
          <output>${CND_CONF}/libEasyAACEncoder.a</output>
        </archiverTool>
      </compileType>
      <item path="EasyAACEncoder.cpp" ex="false" tool="1" flavor2="0">
      </item>
      <item path="EasyAACEncoder.h" ex="false" tool="3" flavor2="0">
      </item>
      <item path="EasyAACEncoderAPI.cpp" ex="false" tool="1" flavor2="0">
      </item>
      <item path="EasyAACEncoderAPI.h" ex="false" tool="3" flavor2="0">
      </item>
      <item path="EasyDSSBuffers.cpp" ex="false" tool="1" flavor2="0">
      </item>
      <item path="EasyDSSBuffers.h" ex="false" tool="3" flavor2="0">
      </item>
      <item path="G711AToPcm.cpp" ex="false" tool="1" flavor2="0">
      </item>
      <item path="G711AToPcm.h" ex="false" tool="3" flavor2="0">
      </item>
      <item path="G726ToPcm.cpp" ex="false" tool="1" flavor2="0">
      </item>
      <item path="G726ToPcm.h" ex="false" tool="3" flavor2="0">
      </item>
      <item path="IDecodeToPcm.cpp" ex="false" tool="1" flavor2="0">
      </item>
      <item path="IDecodeToPcm.h" ex="false" tool="3" flavor2="0">
      </item>
      <item path="PcmToAac.cpp" ex="false" tool="1" flavor2="0">
      </item>
      <item path="PcmToAac.h" ex="false" tool="3" flavor2="0">
      </item>
      <item path="audio_buffer.cpp" ex="false" tool="1" flavor2="0">
      </item>
      <item path="audio_buffer.h" ex="false" tool="3" flavor2="0">
      </item>
      <item path="g711.cpp" ex="false" tool="1" flavor2="0">
      </item>
      <item path="g711.h" ex="false" tool="3" flavor2="0">
      </item>
      <item path="g726.cpp" ex="false" tool="1" flavor2="0">
      </item>
      <item path="g726.h" ex="false" tool="3" flavor2="0">
      </item>
      <item path="libfaac/aacquant.c" ex="false" tool="0" flavor2="0">
      </item>
      <item path="libfaac/aacquant.h" ex="false" tool="3" flavor2="0">
      </item>
      <item path="libfaac/backpred.c" ex="false" tool="0" flavor2="0">
      </item>
      <item path="libfaac/backpred.h" ex="false" tool="3" flavor2="0">
      </item>
      <item path="libfaac/bitstream.c" ex="false" tool="0" flavor2="0">
      </item>
      <item path="libfaac/bitstream.h" ex="false" tool="3" flavor2="0">
      </item>
      <item path="libfaac/channels.c" ex="false" tool="0" flavor2="0">
      </item>
      <item path="libfaac/channels.h" ex="false" tool="3" flavor2="0">
      </item>
      <item path="libfaac/coder.h" ex="false" tool="3" flavor2="0">
      </item>
      <item path="libfaac/fft.c" ex="false" tool="0" flavor2="0">
      </item>
      <item path="libfaac/fft.h" ex="false" tool="3" flavor2="0">
      </item>
      <item path="libfaac/filtbank.c" ex="false" tool="0" flavor2="0">
      </item>
      <item path="libfaac/filtbank.h" ex="false" tool="3" flavor2="0">
      </item>
      <item path="libfaac/frame.c" ex="false" tool="0" flavor2="0">
      </item>
      <item path="libfaac/frame.h" ex="false" tool="3" flavor2="0">
      </item>
      <item path="libfaac/huffman.c" ex="false" tool="0" flavor2="0">
      </item>
      <item path="libfaac/huffman.h" ex="false" tool="3" flavor2="0">
      </item>
      <item path="libfaac/hufftab.h" ex="false" tool="3" flavor2="0">
      </item>
      <item path="libfaac/kiss_fft/_kiss_fft_guts.h" ex="false" tool="3" flavor2="0">
      </item>
      <item path="libfaac/kiss_fft/kiss_fft.c" ex="false" tool="0" flavor2="0">
      </item>
      <item path="libfaac/kiss_fft/kiss_fft.h" ex="false" tool="3" flavor2="0">
      </item>
      <item path="libfaac/kiss_fft/kiss_fftr.c" ex="false" tool="0" flavor2="0">
      </item>
      <item path="libfaac/kiss_fft/kiss_fftr.h" ex="false" tool="3" flavor2="0">
      </item>
      <item path="libfaac/ltp.c" ex="false" tool="0" flavor2="0">
      </item>
      <item path="libfaac/ltp.h" ex="false" tool="3" flavor2="0">
      </item>
      <item path="libfaac/midside.c" ex="false" tool="0" flavor2="0">
      </item>
      <item path="libfaac/midside.h" ex="false" tool="3" flavor2="0">
      </item>
      <item path="libfaac/psych.h" ex="false" tool="3" flavor2="0">
      </item>
      <item path="libfaac/psychkni.c" ex="false" tool="0" flavor2="0">
      </item>
      <item path="libfaac/tns.c" ex="false" tool="0" flavor2="0">
      </item>
      <item path="libfaac/tns.h" ex="false" tool="3" flavor2="0">
      </item>
      <item path="libfaac/util.c" ex="false" tool="0" flavor2="0">
      </item>
      <item path="libfaac/util.h" ex="false" tool="3" flavor2="0">
      </item>
      <item path="libfaac/version.h" ex="false" tool="3" flavor2="0">
      </item>
    </conf>
    <conf name="x64" type="3">
      <toolsSet>
        <compilerSet>GNU|GNU</compilerSet>
        <dependencyChecking>true</dependencyChecking>
        <rebuildPropChanged>false</rebuildPropChanged>
      </toolsSet>
      <compileType>
        <cTool>
          <developmentMode>5</developmentMode>
          <incDir>
            <pElem>include</pElem>
          </incDir>
        </cTool>
        <ccTool>
          <developmentMode>5</developmentMode>
          <incDir>
            <pElem>include</pElem>
          </incDir>
        </ccTool>
        <fortranCompilerTool>
          <developmentMode>5</developmentMode>
        </fortranCompilerTool>
        <asmTool>
          <developmentMode>5</developmentMode>
        </asmTool>
        <archiverTool>
          <output>${CND_CONF}/libEasyAACEncoder.a</output>
        </archiverTool>
      </compileType>
      <item path="EasyAACEncoder.cpp" ex="false" tool="1" flavor2="0">
      </item>
      <item path="EasyAACEncoder.h" ex="false" tool="3" flavor2="0">
      </item>
      <item path="EasyAACEncoderAPI.cpp" ex="false" tool="1" flavor2="0">
      </item>
      <item path="EasyAACEncoderAPI.h" ex="false" tool="3" flavor2="0">
      </item>
      <item path="EasyDSSBuffers.cpp" ex="false" tool="1" flavor2="0">
      </item>
      <item path="EasyDSSBuffers.h" ex="false" tool="3" flavor2="0">
      </item>
      <item path="G711AToPcm.cpp" ex="false" tool="1" flavor2="0">
      </item>
      <item path="G711AToPcm.h" ex="false" tool="3" flavor2="0">
      </item>
      <item path="G726ToPcm.cpp" ex="false" tool="1" flavor2="0">
      </item>
      <item path="G726ToPcm.h" ex="false" tool="3" flavor2="0">
      </item>
      <item path="IDecodeToPcm.cpp" ex="false" tool="1" flavor2="0">
      </item>
      <item path="IDecodeToPcm.h" ex="false" tool="3" flavor2="0">
      </item>
      <item path="PcmToAac.cpp" ex="false" tool="1" flavor2="0">
      </item>
      <item path="PcmToAac.h" ex="false" tool="3" flavor2="0">
      </item>
      <item path="audio_buffer.cpp" ex="false" tool="1" flavor2="0">
      </item>
      <item path="audio_buffer.h" ex="false" tool="3" flavor2="0">
      </item>
      <item path="g711.cpp" ex="false" tool="1" flavor2="0">
      </item>
      <item path="g711.h" ex="false" tool="3" flavor2="0">
      </item>
      <item path="g726.cpp" ex="false" tool="1" flavor2="0">
      </item>
      <item path="g726.h" ex="false" tool="3" flavor2="0">
      </item>
      <item path="libfaac/aacquant.c" ex="false" tool="0" flavor2="0">
      </item>
      <item path="libfaac/aacquant.h" ex="false" tool="3" flavor2="0">
      </item>
      <item path="libfaac/backpred.c" ex="false" tool="0" flavor2="0">
      </item>
      <item path="libfaac/backpred.h" ex="false" tool="3" flavor2="0">
      </item>
      <item path="libfaac/bitstream.c" ex="false" tool="0" flavor2="0">
      </item>
      <item path="libfaac/bitstream.h" ex="false" tool="3" flavor2="0">
      </item>
      <item path="libfaac/channels.c" ex="false" tool="0" flavor2="0">
      </item>
      <item path="libfaac/channels.h" ex="false" tool="3" flavor2="0">
      </item>
      <item path="libfaac/coder.h" ex="false" tool="3" flavor2="0">
      </item>
      <item path="libfaac/fft.c" ex="false" tool="0" flavor2="0">
      </item>
      <item path="libfaac/fft.h" ex="false" tool="3" flavor2="0">
      </item>
      <item path="libfaac/filtbank.c" ex="false" tool="0" flavor2="0">
      </item>
      <item path="libfaac/filtbank.h" ex="false" tool="3" flavor2="0">
      </item>
      <item path="libfaac/frame.c" ex="false" tool="0" flavor2="0">
      </item>
      <item path="libfaac/frame.h" ex="false" tool="3" flavor2="0">
      </item>
      <item path="libfaac/huffman.c" ex="false" tool="0" flavor2="0">
      </item>
      <item path="libfaac/huffman.h" ex="false" tool="3" flavor2="0">
      </item>
      <item path="libfaac/hufftab.h" ex="false" tool="3" flavor2="0">
      </item>
      <item path="libfaac/kiss_fft/_kiss_fft_guts.h" ex="false" tool="3" flavor2="0">
      </item>
      <item path="libfaac/kiss_fft/kiss_fft.c" ex="false" tool="0" flavor2="0">
      </item>
      <item path="libfaac/kiss_fft/kiss_fft.h" ex="false" tool="3" flavor2="0">
      </item>
      <item path="libfaac/kiss_fft/kiss_fftr.c" ex="false" tool="0" flavor2="0">
      </item>
      <item path="libfaac/kiss_fft/kiss_fftr.h" ex="false" tool="3" flavor2="0">
      </item>
      <item path="libfaac/ltp.c" ex="false" tool="0" flavor2="0">
      </item>
      <item path="libfaac/ltp.h" ex="false" tool="3" flavor2="0">
      </item>
      <item path="libfaac/midside.c" ex="false" tool="0" flavor2="0">
      </item>
      <item path="libfaac/midside.h" ex="false" tool="3" flavor2="0">
      </item>
      <item path="libfaac/psych.h" ex="false" tool="3" flavor2="0">
      </item>
      <item path="libfaac/psychkni.c" ex="false" tool="0" flavor2="0">
      </item>
      <item path="libfaac/tns.c" ex="false" tool="0" flavor2="0">
      </item>
      <item path="libfaac/tns.h" ex="false" tool="3" flavor2="0">
      </item>
      <item path="libfaac/util.c" ex="false" tool="0" flavor2="0">
      </item>
      <item path="libfaac/util.h" ex="false" tool="3" flavor2="0">
      </item>
      <item path="libfaac/version.h" ex="false" tool="3" flavor2="0">
      </item>
    </conf>
    <conf name="arm" type="3">
      <toolsSet>
        <compilerSet>hisiv100|GNU</compilerSet>
        <dependencyChecking>true</dependencyChecking>
        <rebuildPropChanged>false</rebuildPropChanged>
      </toolsSet>
      <compileType>
        <cTool>
          <developmentMode>5</developmentMode>
          <incDir>
            <pElem>include</pElem>
          </incDir>
        </cTool>
        <ccTool>
          <developmentMode>5</developmentMode>
          <incDir>
            <pElem>include</pElem>
          </incDir>
        </ccTool>
        <fortranCompilerTool>
          <developmentMode>5</developmentMode>
        </fortranCompilerTool>
        <asmTool>
          <developmentMode>5</developmentMode>
        </asmTool>
        <archiverTool>
          <output>${CND_CONF}/libEasyAACEncoder.a</output>
        </archiverTool>
      </compileType>
      <item path="EasyAACEncoder.cpp" ex="false" tool="1" flavor2="0">
      </item>
      <item path="EasyAACEncoder.h" ex="false" tool="3" flavor2="0">
      </item>
      <item path="EasyAACEncoderAPI.cpp" ex="false" tool="1" flavor2="0">
      </item>
      <item path="EasyAACEncoderAPI.h" ex="false" tool="3" flavor2="0">
      </item>
      <item path="EasyDSSBuffers.cpp" ex="false" tool="1" flavor2="0">
      </item>
      <item path="EasyDSSBuffers.h" ex="false" tool="3" flavor2="0">
      </item>
      <item path="G711AToPcm.cpp" ex="false" tool="1" flavor2="0">
      </item>
      <item path="G711AToPcm.h" ex="false" tool="3" flavor2="0">
      </item>
      <item path="G726ToPcm.cpp" ex="false" tool="1" flavor2="0">
      </item>
      <item path="G726ToPcm.h" ex="false" tool="3" flavor2="0">
      </item>
      <item path="IDecodeToPcm.cpp" ex="false" tool="1" flavor2="0">
      </item>
      <item path="IDecodeToPcm.h" ex="false" tool="3" flavor2="0">
      </item>
      <item path="PcmToAac.cpp" ex="false" tool="1" flavor2="0">
      </item>
      <item path="PcmToAac.h" ex="false" tool="3" flavor2="0">
      </item>
      <item path="audio_buffer.cpp" ex="false" tool="1" flavor2="0">
      </item>
      <item path="audio_buffer.h" ex="false" tool="3" flavor2="0">
      </item>
      <item path="g711.cpp" ex="false" tool="1" flavor2="0">
      </item>
      <item path="g711.h" ex="false" tool="3" flavor2="0">
      </item>
      <item path="g726.cpp" ex="false" tool="1" flavor2="0">
      </item>
      <item path="g726.h" ex="false" tool="3" flavor2="0">
      </item>
      <item path="libfaac/aacquant.c" ex="false" tool="0" flavor2="0">
      </item>
      <item path="libfaac/aacquant.h" ex="false" tool="3" flavor2="0">
      </item>
      <item path="libfaac/backpred.c" ex="false" tool="0" flavor2="0">
      </item>
      <item path="libfaac/backpred.h" ex="false" tool="3" flavor2="0">
      </item>
      <item path="libfaac/bitstream.c" ex="false" tool="0" flavor2="0">
      </item>
      <item path="libfaac/bitstream.h" ex="false" tool="3" flavor2="0">
      </item>
      <item path="libfaac/channels.c" ex="false" tool="0" flavor2="0">
      </item>
      <item path="libfaac/channels.h" ex="false" tool="3" flavor2="0">
      </item>
      <item path="libfaac/coder.h" ex="false" tool="3" flavor2="0">
      </item>
      <item path="libfaac/fft.c" ex="false" tool="0" flavor2="0">
      </item>
      <item path="libfaac/fft.h" ex="false" tool="3" flavor2="0">
      </item>
      <item path="libfaac/filtbank.c" ex="false" tool="0" flavor2="0">
      </item>
      <item path="libfaac/filtbank.h" ex="false" tool="3" flavor2="0">
      </item>
      <item path="libfaac/frame.c" ex="false" tool="0" flavor2="0">
      </item>
      <item path="libfaac/frame.h" ex="false" tool="3" flavor2="0">
      </item>
      <item path="libfaac/huffman.c" ex="false" tool="0" flavor2="0">
      </item>
      <item path="libfaac/huffman.h" ex="false" tool="3" flavor2="0">
      </item>
      <item path="libfaac/hufftab.h" ex="false" tool="3" flavor2="0">
      </item>
      <item path="libfaac/kiss_fft/_kiss_fft_guts.h" ex="false" tool="3" flavor2="0">
      </item>
      <item path="libfaac/kiss_fft/kiss_fft.c" ex="false" tool="0" flavor2="0">
      </item>
      <item path="libfaac/kiss_fft/kiss_fft.h" ex="false" tool="3" flavor2="0">
      </item>
      <item path="libfaac/kiss_fft/kiss_fftr.c" ex="false" tool="0" flavor2="0">
      </item>
      <item path="libfaac/kiss_fft/kiss_fftr.h" ex="false" tool="3" flavor2="0">
      </item>
      <item path="libfaac/ltp.c" ex="false" tool="0" flavor2="0">
      </item>
      <item path="libfaac/ltp.h" ex="false" tool="3" flavor2="0">
      </item>
      <item path="libfaac/midside.c" ex="false" tool="0" flavor2="0">
      </item>
      <item path="libfaac/midside.h" ex="false" tool="3" flavor2="0">
      </item>
      <item path="libfaac/psych.h" ex="false" tool="3" flavor2="0">
      </item>
      <item path="libfaac/psychkni.c" ex="false" tool="0" flavor2="0">
      </item>
      <item path="libfaac/tns.c" ex="false" tool="0" flavor2="0">
      </item>
      <item path="libfaac/tns.h" ex="false" tool="3" flavor2="0">
      </item>
      <item path="libfaac/util.c" ex="false" tool="0" flavor2="0">
      </item>
      <item path="libfaac/util.h" ex="false" tool="3" flavor2="0">
      </item>
      <item path="libfaac/version.h" ex="false" tool="3" flavor2="0">
      </item>
    </conf>
  </confs>
</configurationDescriptor>
